{"cameraMode":{"drawMode":0,"name":"Shaded","section":"Shading Mode"},"sceneLighting":true,"audioPlay":false,"sceneViewState":{"m_AlwaysRefresh":false,"showFog":true,"showSkybox":true,"showFlares":true,"showImageEffects":true,"showParticleSystems":true,"showVisualEffectGraphs":true,"m_FxEnabled":false},"in2DMode":false,"pivot":{"x":0.2518804371356964,"y":0.025192221626639367,"z":0.6483681201934815},"rotation":{"x":-0.19445745646953584,"y":-0.0708603709936142,"z":0.01408249232918024,"w":-0.9783185720443726},"size":1.5769730806350709,"orthographic":false}